<?xml version="1.0" encoding="UTF-8"?>
<beans:beans xmlns="http://www.springframework.org/schema/mvc"
	xmlns:xsi="http://www.w3.org/2001/XMLSchema-instance"
	xmlns:beans="http://www.springframework.org/schema/beans"
	xmlns:context="http://www.springframework.org/schema/context"
	xmlns:mybatis-spring="http://mybatis.org/schema/mybatis-spring"
	xmlns:security="http://www.springframework.org/schema/security"
	xsi:schemaLocation="http://www.springframework.org/schema/security http://www.springframework.org/schema/security/spring-security-4.0.xsd
		http://www.springframework.org/schema/mvc http://www.springframework.org/schema/mvc/spring-mvc.xsd
		http://mybatis.org/schema/mybatis-spring http://mybatis.org/schema/mybatis-spring-1.2.xsd
		http://www.springframework.org/schema/beans http://www.springframework.org/schema/beans/spring-beans.xsd
		http://www.springframework.org/schema/context http://www.springframework.org/schema/context/spring-context.xsd">

	<!-- DispatcherServlet Context: defines this servlet's request-processing 
		infrastructure -->

	<!-- Enables the Spring MVC @Controller programming model -->
	<annotation-driven />

	<!-- Handles HTTP GET requests for /resources/** by efficiently serving 
		up static resources in the ${webappRoot}/resources directory -->
	<resources mapping="/resources/**" location="/resources/" />

	<context:component-scan base-package="com.kosta.simli" />

	<!-- Tiles 설정 START -->
	<beans:bean id="tilesConfigurer"
		class="org.springframework.web.servlet.view.tiles2.TilesConfigurer">
		<beans:property name="definitions">
			<!-- Tiles 구성하는 xml 파일이 여러개 -->
			<beans:list>
				<beans:value>/WEB-INF/Tiles.xml</beans:value>
			</beans:list>
		</beans:property>
	</beans:bean>
	<beans:bean id="urlBasedViewResolver"
		class="org.springframework.web.servlet.view.UrlBasedViewResolver">
		<beans:property name="viewClass"
			value="org.springframework.web.servlet.view.tiles2.TilesView" />
	</beans:bean>
	<!-- Tiles 설정 END -->

<!-- multipartResolver --> 
<beans:bean 
class="org.springframework.web.multipart.commons.CommonsMultipartResolver" 
id="multipartResolver"> 
<!-- max upload size in bytes --> 
<beans:property name="maxUploadSize" value="20971520" /> 
<!-- max size of file in memory (in bytes) --> 
<beans:property name="maxInMemorySize" value="1048576" /> 
</beans:bean>






</beans:beans>


