<?xml version="1.0" encoding="utf-8"?>
  <!DOCTYPE tiles-definitions PUBLIC
       "-//Apache Software Foundation//DTD Tiles Configuration 2.1//EN"
       "http://tiles.apache.org/dtds/tiles-config_2_1.dtd">
<tiles-definitions>
	<!-- return home.index -->
	<definition name="home.*" template="/WEB-INF/views/inc/layout.jsp">
		<put-attribute name="headertop" value="/WEB-INF/views/inc/headertop.jsp" />
		<put-attribute name="headermenu" value="/WEB-INF/views/inc/headermenu.jsp" />
		<put-attribute name="footer" value="/WEB-INF/views/inc/footer.jsp" />
		<put-attribute name="content" value="/WEB-INF/views/{1}.jsp" />
	</definition>
	
	<definition name="chatting.*" template="/WEB-INF/views/inc/layout.jsp">
		<put-attribute name="headertop" value="/WEB-INF/views/inc/headertop.jsp" />
		<put-attribute name="headermenu" value="/WEB-INF/views/inc/headermenu.jsp" />
		<put-attribute name="footer" value="/WEB-INF/views/inc/footer.jsp" />
		<put-attribute name="content" value="/WEB-INF/views/book/chatting/{1}.jsp" />
	</definition>

	<definition name="admin.*.*" template="/WEB-INF/views/admin/inc/layout.jsp">
		<put-attribute name="headermenu"
			value="/WEB-INF/views/admin/inc/headermenu.jsp" />
		<put-attribute name="aside"
			value="/WEB-INF/views/admin/{1}/inc/aside.jsp" />
		<put-attribute name="content" value="/WEB-INF/views/admin/{1}/{2}.jsp" />
	</definition>

	<definition name="popup.*.*.*" template="/WEB-INF/views/{1}/{2}/{3}.jsp" />

	<definition name="reserManage_Employee_UpdateForm"
		template="/WEB-INF/views/mem/mypage/reserManage_Employee_UpdateForm.jsp" />

	<definition name="reserManage_Employee_UpdateComplete"
		template="/WEB-INF/views/mem/mypage/reserManage_Employee_UpdateComplete.jsp" />

	<definition name="payConfirm_Employee_Detail"
		template="/WEB-INF/views/mem/mypage/payConfirm_Employee_Detail.jsp" />

	<definition name="payResultConfirm_Employee_Detail"
		template="/WEB-INF/views/mem/mypage/payResultConfirm_Employee_Detail.jsp" />

	<definition name="reservationresult"
		template="/WEB-INF/views/book/reservation/reservationresult.jsp" />

	<definition name="threpyresult"
		template="/WEB-INF/views/book/reservation/threpyresult.jsp" />

	<definition name="examinerresult"
		template="/WEB-INF/views/book/reservation/examinerresult.jsp" />

	<definition name="admin_Sales_Detail"
		template="/WEB-INF/views/admin/admin_sales/admin_Sales_Detail.jsp" />

	<definition name="user_Money_Detail"
		template="/WEB-INF/views/admin/admin_sales/user_Money_Detail.jsp" />

	<definition name="Employee_Pay_Detail"
		template="/WEB-INF/views/admin/admin_sales/Employee_Pay_Detail.jsp" />

	<definition name="ajax.*.*.*" template="/WEB-INF/views/{1}/{2}/{3}.jsp" />

	<definition name="*.*.*" template="/WEB-INF/views/inc/sidelayout.jsp">
		<put-attribute name="title" value="Show me the Simli" />
		<put-attribute name="headertop" value="/WEB-INF/views/inc/headertop.jsp" />
		<put-attribute name="headermenu" value="/WEB-INF/views/inc/headermenu.jsp" />
		<put-attribute name="css" value="{2}.css" />
		<put-attribute name="footer" value="/WEB-INF/views/inc/footer.jsp" />
		<put-attribute name="aside"
			value="/WEB-INF/views/{1}/{2}/inc/aside.jsp" />
		<put-attribute name="visual"
			value="/WEB-INF/views/{1}/{2}/inc/visual.jsp" />
		<put-attribute name="content" value="/WEB-INF/views/{1}/{2}/{3}.jsp" />
	</definition>

</tiles-definitions>
