<?xml version="1.0" encoding="UTF-8"?>
<!DOCTYPE mapper PUBLIC
	"-//mybatis.org//DTD Mapper 3.0//EN"
		"http://mybatis.org/dtd/mybatis-3-mapper.dtd">
		
<mapper namespace="com.kosta.simli.dao.ChatDao">
	<select id="loadReservation" resultType="com.kosta.simli.dto.ReserDTO">
		<!-- select appointday, appointtime from reservation where num=61 -->
		select appointday, appointtime from reservation where num=#{num}
	</select>
	<select id="makeChatroom" resultType="com.kosta.simli.dto.ReserDTO">
		select appointday, appointtime, memberid, employeeid from reservation where num=#{num}
	</select>
	<select id="getNames" resultType="com.kosta.simli.dto.ChatNameDTO">
	   select me.memName, me.empName, p.name as ptnName from 
			(
			select m.name as memName, e.name as empName, m.num as num
			from (select num ,name from membertable join reservation on membertable.ID = reservation.MEMBERID where num=#{num}) m
			inner JOIN (select num, name from membertable join reservation on membertable.ID = reservation.EMPLOYEEID where num=#{num}) e
			on m.num = e.num
			) me
		inner JOIN  
			(
			select num, name from membertable join reservation on membertable.ID = reservation.patron where num=#{num}
			) p
		on me.num = p.num
	</select>
	<select id="howManyMem" resultType="com.kosta.simli.dto.ReserDTO">
		select consulttype from reservation where num=#{num}
	</select>
</mapper>