<?xml version="1.0" encoding="UTF-8"?>
<!DOCTYPE mapper
    PUBLIC "-//mybatis.org//DTD Mapper 3.0//EN"
    "http://mybatis.org/dtd/mybatis-3-mapper.dtd">

<mapper namespace="com.kosta.simli.dao.FileUploadDAO">

 <insert id="insert">
      insert into fileupload(num ,title, writer,content, regdate, filesrc, category, employeeid)
      values(task_seq.NEXTVAL,#{title},#{writer},#{content}, SYSDATE, #{fileSrc,jdbcType=VARCHAR},#{category,jdbcType=VARCHAR},#{employeeid,jdbcType=VARCHAR})
</insert>

<select id="uploadlist" resultType="String">
	select r.resertype from membertable m,reservation r where m.id = r.memberid and  m.id=#{writer}
</select>

<select id="membersearch" resultType="String">
	select part from membertable where id =#{writer} and part is not null
</select>

<select id="partlist" resultType="com.kosta.simli.dto.FileUploadDTO">
	 	select * from fileupload where category=#{param, jdbcType=VARCHAR} and employeeid=#{param2, jdbcType=VARCHAR}
</select>

<select id="employeeidsearch" resultType="String">
	 	select employeeid from reservation where memberid=#{param, jdbcType=VARCHAR}
</select>

 </mapper>