<!DOCTYPE mapper
   PUBLIC "-//mybatis.org//DTD Mapper 3.0//EN"
   "http://mybatis.org/dtd/mybatis-3-mapper.dtd">

<mapper namespace="com.kosta.simli.dao.NoticeDAO">
	<select id="noList" resultType="com.kosta.simli.dto.NoticeDTO">
		select * from notice order by noNum desc
	</select>
	<insert id="noWrite" >
	    insert into notice (noNum, noTitle, noName, noContent, noDate) values (notice_noNum.nextval, #{noTitle}, #{noName}, #{noContent}, sysdate)
	</insert>
	
	<select id="noModifyView" resultType="com.kosta.simli.dto.NoticeDTO">
   select * from notice where noNum = #{noNum}
    </select>
	<update id="noModifyUpdate">
		update notice set noTitle = #{noTitle}, noContent = #{noContent} where noNum = #{noNum}
	</update>
	<select id="noContentView" resultType="com.kosta.simli.dto.NoticeDTO">
		select * from notice where noNum = #{noNum}
	</select>
	<delete id="noDelete">
		delete notice where noNum = #{noNum}
	</delete>
</mapper>