<!DOCTYPE mapper
   PUBLIC "-//mybatis.org//DTD Mapper 3.0//EN"
   "http://mybatis.org/dtd/mybatis-3-mapper.dtd">

<mapper namespace="com.kosta.simli.dao.OnlineboardDAO">
<insert id="onWrite">
    insert into onlineboard (onNum, onName, onTitle, onContent, onGroup, onStep, onIndent, onDate) values (onlineboard_onNum.nextval, #{onName}, #{onTitle}, #{onContent},  onlineboard_onNum.currval, 0, 0, sysdate)
</insert>
<select id="onContentview" resultType="com.kosta.simli.dto.OnlineboardDTO">
   select * from onlineboard where onNum = #{onNum}
</select>

<select id="onModifyView" resultType="com.kosta.simli.dto.OnlineboardDTO">
   select * from onlineboard where onNum = #{onNum}
</select>

<update id="onModifyUpdate">
  update onlineboard set onTitle = #{onTitle}, onContent = #{onContent} where onNum = #{onNum}
</update>
<delete id="onDelete">
  delete onlineboard where onNum = #{onNum}
</delete>

<select id="onReplyView" resultType="com.kosta.simli.dto.OnlineboardDTO"> <!-- 답글보기, 답글쓰기 -->
      select * from onlineboard where onNum=#{onNum}
   	</select>

   	<insert id="onReply">
      insert into onlineboard (onNum, onName, onTitle, onContent, onGroup, onStep, onIndent, onDate ) values (onlineboard_onNum.nextval, #{onName}, #{onTitle}, #{onContent}, #{onGroup}, #{onStep}, #{onIndent}, sysdate)
   	</insert>
	
	<select id="userListCount" resultType="int">
      select count(*) from onlineboard
   </select>
   
     <select id="onlist" resultType="com.kosta.simli.dto.OnlineboardDTO"
      parameterType="com.kosta.simli.dto.PageDTO">
      <![CDATA[                                                               
      select B.* from (select C.*, rownum R from
         (select * from onlineboard order by onGroup desc, onStep, onNum asc) C
            where rownum <= #{pageEnd}) B where R >= #{pageStart}
      ]]>
   </select>
</mapper>