<?xml version="1.0" encoding="UTF-8"?>
<!DOCTYPE mapper PUBLIC
"-//mybatis.org//DTD Mapper 3.0//EN"
"http://mybatis.org/dtd/mybatis-3-mapper.dtd">

<mapper namespace="com.kosta.simli.dao.SchedultDao">

	<select id="list" resultType="com.kosta.simli.dto.ScheduleDTO">
		select s.employeeid, r.employeeid from
		(select employeeid from schedule s,membertable m where s.employeeid = m.id
		and m.part='상담자'
		and ${param3}<![CDATA[ <= ]]>
		#{param1} and ${param4} <![CDATA[ > ]]>
		#{param1}+50) s left outer join
		(select * from reservation where (appointtime-90) <![CDATA[<]]>
		#{param1} and (appointtime+50)  <![CDATA[>]]>
		#{param1} and appointday = '${param2}')
		r on s.employeeid = r.employeeid where r.employeeid is null
	</select>



	<select id="grouplist" resultType="com.kosta.simli.dto.ScheduleDTO">
		select s.employeeid, r.employeeid from
		(select employeeid from schedule s,membertable m where s.employeeid = m.id
		and m.part='상담자'
		and ${param3}<![CDATA[ <= ]]>
		#{param1} and ${param4} <![CDATA[ > ]]>
		#{param1}+120) s left outer join
		(select * from reservation where (appointtime-160) <![CDATA[<]]>
		#{param1} and (appointtime+120)  <![CDATA[>]]>
		#{param1} and appointday = '${param2}')
		r on s.employeeid = r.employeeid where r.employeeid is null
	</select>



	<select id="threpysearch" resultType="com.kosta.simli.dto.ScheduleDTO">
		select s.employeeid, r.employeeid from
		(select employeeid from schedule s,membertable m where s.employeeid = m.id
		and m.part like '%치료자%'
		and ${param3}<![CDATA[ <= ]]>
		#{param1} and ${param4} <![CDATA[ > ]]>
		#{param1}+50) s left outer join
		(select * from reservation where (appointtime-50-40) <![CDATA[<]]>
		#{param1} and (appointtime+50)  <![CDATA[>]]>
		#{param1} and appointday = '${param2}')
		r on s.employeeid = r.employeeid where r.employeeid is null
	</select>



	<select id="examinerlist" resultType="com.kosta.simli.dto.ScheduleDTO">
		select s.employeeid, r.employeeid from
		(select employeeid from schedule s,membertable m where s.employeeid = m.id
		and m.part='검사자'
		and ${param3}<![CDATA[ <= ]]>
		#{param1} and ${param4} <![CDATA[ > ]]>
		#{param1}+50) s left outer join
		(select * from reservation where (appointtime-50-40) <![CDATA[<]]>
		#{param1} and (appointtime+50)  <![CDATA[>]]>
		#{param1} and appointday = '${param2}')
		r on s.employeeid = r.employeeid where r.employeeid is null
	</select>
</mapper>
